{
  "val": {
    "eval_loss": 0.08602376282215118,
    "eval_f1_micro": 0.5808233826412404,
    "eval_f1_macro": 0.4602149565392265,
    "eval_f1_samples": 0.5435846804626753,
    "eval_runtime": 4.6834,
    "eval_samples_per_second": 1158.557,
    "eval_steps_per_second": 36.298,
    "epoch": 3.0
  },
  "test": {
    "eval_loss": 0.08549608290195465,
    "eval_f1_micro": 0.5892522948043847,
    "eval_f1_macro": 0.4734678952548154,
    "eval_f1_samples": 0.5524906332534856,
    "eval_runtime": 4.7437,
    "eval_samples_per_second": 1144.044,
    "eval_steps_per_second": 35.837,
    "epoch": 3.0
  }
}