{
  "val": {
    "f1_micro": 0.5023573785950024,
    "f1_macro": 0.4500868874771765,
    "f1_samples": 0.5255754187656142,
    "roc_auc_macro": 0.8887866554241993
  },
  "test": {
    "f1_micro": 0.49183366153133323,
    "f1_macro": 0.4296543720108419,
    "f1_samples": 0.5154075302499846,
    "roc_auc_macro": 0.8850526360877183
  }
}